﻿Package#,PackageID,JobID,Status,TimeStamp,IBRetryRound_UPLOAD,IBRetryRound_SUBMIT,IBRetryRound_QUERY,UploadParallelism,File Count,Size,Error Message
"0","5b4f49a3-5765-4ef7-bc7d-ed1b93ec94ff","00000000-0000-0000-0000-000000000000","Packed","2023-05-12 15:05:02","0","0","0","0","1","84465728",""
"0","5b4f49a3-5765-4ef7-bc7d-ed1b93ec94ff","00000000-0000-0000-0000-000000000000","Uploaded","2023-05-12 15:05:37","0","0","0","8","1","84465728",""
"0","5b4f49a3-5765-4ef7-bc7d-ed1b93ec94ff","4c6bac5e-8476-4759-b139-50aecff04365","Submitted","2023-05-12 15:05:38","0","0","0","8","1","84465728",""
"0","5b4f49a3-5765-4ef7-bc7d-ed1b93ec94ff","4c6bac5e-8476-4759-b139-50aecff04365","JobStarted","2023-05-12 15:07:29","0","0","0","8","1","84465728",""
"0","5b4f49a3-5765-4ef7-bc7d-ed1b93ec94ff","4c6bac5e-8476-4759-b139-50aecff04365","JobSucceed","2023-05-12 15:07:38","0","0","0","8","1","84465728",""
