﻿Serial#,Time,Status,ScanItems,ScanFiles,ScanBadFiles,ScanFilterout,ScanTotalBytes,BytesMigrated,FinishedPacks,MigratedPacks,FinishedFiles,MigratedFiles,WorklistCount,CurrentPackedPks,CurrentUploadedPks,CurrentSubmittedPks,Thread_Pack,Thread_Upload,Thread_Submit,Thread_Total,Errors,Warnings,Memory
"1","2023-05-12 15:04:55","SCHEMAMIGRATING","0","0","0","0","0","0","0","0","0","0","0","0","0","0","0","0","0","2","0","0","552677376"
"2","2023-05-12 15:04:58","SCHEMAMIGRATIONDONE","0","0","0","0","0","0","0","0","0","0","0","0","0","0","0","0","0","2","0","0","529526784"
"3","2023-05-12 15:04:59","INPROGRESS","0","0","0","0","0","0","0","0","0","0","0","0","0","0","0","0","0","5","0","0","530714624"
"4","2023-05-12 15:05:02","INPROGRESS","2","1","0","0","84465720","0","0","0","0","0","1","1","0","0","0","0","0","5","0","0","337158144"
"5","2023-05-12 15:05:08","INPROGRESS","2","1","0","0","84465720","0","0","0","0","0","1","0","0","0","0","1","0","6","0","0","347672576"
"6","2023-05-12 15:05:41","INPROGRESS","2","1","0","0","84465720","0","0","0","0","0","1","0","0","1","0","0","0","5","0","0","392228864"
